-- phpMyAdmin SQL Dump
-- version 5.2.1
-- https://www.phpmyadmin.net/
--
-- Gép: 127.0.0.1
-- Létrehozás ideje: 2025. Jan 13. 17:55
-- Kiszolgáló verziója: 10.4.32-MariaDB
-- PHP verzió: 8.2.12

SET FOREIGN_KEY_CHECKS=0;
SET SQL_MODE = "NO_AUTO_VALUE_ON_ZERO";
START TRANSACTION;
SET time_zone = "+00:00";


/*!40101 SET @OLD_CHARACTER_SET_CLIENT=@@CHARACTER_SET_CLIENT */;
/*!40101 SET @OLD_CHARACTER_SET_RESULTS=@@CHARACTER_SET_RESULTS */;
/*!40101 SET @OLD_COLLATION_CONNECTION=@@COLLATION_CONNECTION */;
/*!40101 SET NAMES utf8mb4 */;

--
-- Adatbázis: `orarend`
--
CREATE DATABASE IF NOT EXISTS `orarend` DEFAULT CHARACTER SET utf8mb4 COLLATE utf8mb4_general_ci;
USE `orarend`;

-- --------------------------------------------------------

--
-- Tábla szerkezet ehhez a táblához `esemeny`
--

CREATE TABLE `esemeny` (
  `erintettTanarId` bigint(20) UNSIGNED DEFAULT NULL,
  `erintettTeremId` bigint(20) UNSIGNED DEFAULT NULL,
  `kezdete` datetime NOT NULL,
  `vege` datetime NOT NULL,
  `megjegyzes` varchar(255) DEFAULT NULL
) ENGINE=InnoDB DEFAULT CHARSET=utf8mb4 COLLATE=utf8mb4_general_ci;

--
-- A tábla adatainak kiíratása `esemeny`
--

INSERT INTO `esemeny` (`erintettTanarId`, `erintettTeremId`, `kezdete`, `vege`, `megjegyzes`) VALUES
(20, 1, '2025-01-11 23:24:15', '2025-01-11 23:24:15', 'beteg lett'),
(19, 19, '2025-01-13 11:48:00', '2025-01-13 11:48:00', 'asdgdhh'),
(19, 19, '2025-01-13 11:48:00', '2025-01-13 11:48:00', 'asdgdhh'),
(2, 3, '2025-01-14 11:50:00', '2025-01-22 11:50:00', '');

-- --------------------------------------------------------

--
-- Tábla szerkezet ehhez a táblához `orak`
--

CREATE TABLE `orak` (
  `oraszam` bigint(20) UNSIGNED NOT NULL,
  `orakezdes` time NOT NULL,
  `oravege` time NOT NULL
) ENGINE=InnoDB DEFAULT CHARSET=utf8mb4 COLLATE=utf8mb4_general_ci;

--
-- A tábla adatainak kiíratása `orak`
--

INSERT INTO `orak` (`oraszam`, `orakezdes`, `oravege`) VALUES
(1, '08:00:00', '08:45:00'),
(2, '08:55:00', '09:40:00'),
(3, '09:50:00', '10:35:00'),
(4, '10:45:00', '11:30:00'),
(5, '11:40:00', '12:25:00'),
(6, '12:40:00', '13:25:00'),
(7, '13:35:00', '14:20:00'),
(8, '14:30:00', '15:15:00'),
(9, '15:20:00', '16:05:00');

-- --------------------------------------------------------

--
-- Tábla szerkezet ehhez a táblához `osztaly`
--

CREATE TABLE `osztaly` (
  `tanuloId` bigint(20) UNSIGNED DEFAULT NULL,
  `osztalyId` bigint(20) UNSIGNED DEFAULT NULL
) ENGINE=InnoDB DEFAULT CHARSET=utf8mb4 COLLATE=utf8mb4_general_ci;

--
-- A tábla adatainak kiíratása `osztaly`
--

INSERT INTO `osztaly` (`tanuloId`, `osztalyId`) VALUES
(1, 1),
(2, 6),
(3, 9),
(4, 3),
(5, 8),
(6, 5),
(7, 2),
(8, 1),
(9, 3),
(10, 1),
(11, 7),
(12, 7),
(13, 5),
(14, 5),
(15, 10),
(16, 9),
(17, 7),
(18, 7),
(19, 4),
(20, 9),
(21, 1),
(22, 6),
(23, 7),
(24, 7),
(25, 5),
(26, 8),
(27, 3),
(28, 9),
(29, 5),
(30, 5),
(31, 1),
(32, 4),
(33, 5),
(34, 4),
(35, 4),
(36, 4),
(37, 3),
(38, 8),
(39, 10),
(40, 3),
(41, 7),
(42, 7),
(43, 1),
(44, 2),
(45, 5),
(46, 9),
(47, 3),
(48, 10),
(49, 6),
(50, 1),
(51, 10),
(52, 1),
(53, 9),
(54, 8),
(55, 3),
(56, 5),
(57, 2),
(58, 7),
(59, 3),
(60, 4),
(8, 7),
(16, 10),
(17, 5),
(32, 10),
(4, 1),
(53, 7),
(3, 10),
(17, 2),
(1, 4),
(27, 6),
(6, 7),
(22, 10),
(43, 10),
(30, 3),
(33, 9),
(10, 3),
(24, 6),
(50, 3),
(13, 1),
(42, 10),
(3, 10),
(11, 10),
(11, 5),
(36, 6),
(42, 3),
(8, 1),
(21, 5),
(8, 7),
(17, 9),
(1, 2),
(44, 7),
(13, 2),
(16, 3),
(59, 3),
(20, 1),
(20, 10),
(23, 8),
(1, 10),
(32, 2),
(24, 1);

-- --------------------------------------------------------

--
-- Tábla szerkezet ehhez a táblához `osztalyok`
--

CREATE TABLE `osztalyok` (
  `osztalyId` bigint(20) UNSIGNED NOT NULL,
  `evfolyam` bigint(20) UNSIGNED DEFAULT NULL,
  `megnevezes` varchar(255) DEFAULT NULL,
  `csoport` enum('TRUE','FALSE') NOT NULL DEFAULT 'TRUE',
  `osztalyfonokId` bigint(20) UNSIGNED DEFAULT NULL
) ENGINE=InnoDB DEFAULT CHARSET=utf8mb4 COLLATE=utf8mb4_general_ci;

--
-- A tábla adatainak kiíratása `osztalyok`
--

INSERT INTO `osztalyok` (`osztalyId`, `evfolyam`, `megnevezes`, `csoport`, `osztalyfonokId`) VALUES
(1, 9, '1/9/E', 'FALSE', NULL),
(2, 10, '2/10/E', 'FALSE', NULL),
(3, 10, '2/10/F', 'FALSE', NULL),
(4, 11, '3/11/E', 'FALSE', NULL),
(5, 9, '9/A', 'FALSE', NULL),
(6, 9, '9/B', 'FALSE', NULL),
(7, 9, '9/C', 'FALSE', NULL),
(8, 9, '9/D', 'FALSE', NULL),
(9, 10, '10/A', 'FALSE', NULL),
(10, 10, '10/B', 'FALSE', NULL),
(11, 10, '10/C', 'FALSE', NULL),
(12, 11, '11/A', 'FALSE', NULL),
(13, 11, '11/AH', 'FALSE', NULL),
(14, 11, '11/B', 'FALSE', NULL),
(15, 11, '11/BH', 'FALSE', NULL),
(16, 11, '11/C', 'FALSE', NULL),
(17, 12, '12/A', 'FALSE', NULL),
(18, 12, '12/AH', 'FALSE', NULL),
(19, 12, '12/B', 'FALSE', NULL),
(20, 12, '12/BH', 'FALSE', NULL),
(21, 12, '12/C', 'FALSE', NULL),
(22, 13, '13/A', 'FALSE', NULL),
(23, 13, '13/AH', 'FALSE', NULL),
(24, 13, '13/B', 'FALSE', NULL),
(25, 13, '13/BH', 'FALSE', NULL),
(26, 13, '13/C', 'FALSE', NULL),
(27, 9, '1/9e_1 - Iskolai csoport (tanórai célú)', 'TRUE', NULL),
(28, 9, '1/9e_2 - Iskolai csoport (tanórai célú)', 'TRUE', NULL),
(29, 9, '9a_szakma_1 - Iskolai csoport (tanórai célú)', 'TRUE', NULL),
(30, 9, '9a_szakma_2 - Iskolai csoport (tanórai célú)', 'TRUE', NULL),
(31, 9, '9ab_(második idegen nyelv)_német_1 - Iskolai csoport (tanórai célú)', 'TRUE', NULL),
(32, 9, '9ab_(második idegen nyelv)_német_2 - Iskolai csoport (tanórai célú)', 'TRUE', NULL),
(33, 9, '9ab_(második idegen nyelv)_német_3 - Iskolai csoport (tanórai célú)', 'TRUE', NULL),
(34, 9, '9ab_1.idegen nyelv _angol_1 - Iskolai csoport (tanórai célú)', 'TRUE', NULL),
(35, 9, '9ab_1.idegen nyelv _angol_2 - Iskolai csoport (tanórai célú)', 'TRUE', NULL),
(36, 9, '9ab_1.idegen nyelv _angol_3 - Iskolai csoport (tanórai célú)', 'TRUE', NULL),
(37, 9, '9ab_1.idegen nyelv _angol_4 - Iskolai csoport (tanórai célú)', 'TRUE', NULL),
(38, 9, '9ab_kompetenciafejlesztés_(második idegen nyelv helyett) - Iskolai csoport (tanórai célú)', 'TRUE', NULL),
(39, 9, '9b_szakma_1 - Iskolai csoport (tanórai célú)', 'TRUE', NULL),
(40, 9, '9b_szakma_2 - Iskolai csoport (tanórai célú)', 'TRUE', NULL),
(41, 9, '9c_szakma_1 - Iskolai csoport (tanórai célú)', 'TRUE', NULL),
(42, 9, '9c_szakma_2 - Iskolai csoport (tanórai célú)', 'TRUE', NULL),
(43, 9, '9cd_(második idegen nyelv)_német_1 - Iskolai csoport (tanórai célú)', 'TRUE', NULL),
(44, 9, '9cd_(második idegen nyelv)_német_2 - Iskolai csoport (tanórai célú)', 'TRUE', NULL),
(45, 9, '9cd_(második idegen nyelv)_német_3 - Iskolai csoport (tanórai célú)', 'TRUE', NULL),
(46, 9, '9cd_1.idegen nyelv _angol_1 - Iskolai csoport (tanórai célú)', 'TRUE', NULL),
(47, 9, '9cd_1.idegen nyelv _angol_2 - Iskolai csoport (tanórai célú)', 'TRUE', NULL),
(48, 9, '9cd_1.idegen nyelv _angol_3 - Iskolai csoport (tanórai célú)', 'TRUE', NULL),
(49, 9, '9cd_1.idegen nyelv _angol_4 - Iskolai csoport (tanórai célú)', 'TRUE', NULL),
(50, 9, '9cd_kompetenciafejlesztés_(második idegen nyelv helyett) - Iskolai csoport (tanórai célú)', 'TRUE', NULL),
(51, 9, '9d_szakma_1 - Iskolai csoport (tanórai célú)', 'TRUE', NULL),
(52, 9, '9d_szakma_2 - Iskolai csoport (tanórai célú)', 'TRUE', NULL),
(53, 10, '10a_szakma_1 - Iskolai csoport (tanórai célú)', 'TRUE', NULL),
(54, 10, '10a_szakma_2 - Iskolai csoport (tanórai célú)', 'TRUE', NULL),
(55, 10, '10abc_(második idegen nyelv)_német_1 - Iskolai csoport (tanórai célú)', 'TRUE', NULL),
(56, 10, '10abc_(második idegen nyelv)_német_2 - Iskolai csoport (tanórai célú)', 'TRUE', NULL),
(57, 10, '10abc_(második idegen nyelv)_német_3 - Iskolai csoport (tanórai célú)', 'TRUE', NULL),
(58, 10, '10abc_(második idegen nyelv)_német_4 - Iskolai csoport (tanórai célú)', 'TRUE', NULL),
(59, 10, '10abc_1.idegen nyelv _ angol 1 - Iskolai csoport (tanórai célú)', 'TRUE', NULL),
(60, 10, '10abc_1.idegen nyelv _ angol 2 - Iskolai csoport (tanórai célú)', 'TRUE', NULL),
(61, 10, '10abc_1.idegen nyelv _ angol 3 - Iskolai csoport (tanórai célú)', 'TRUE', NULL),
(62, 10, '10abc_1.idegen nyelv _ angol 4 - Iskolai csoport (tanórai célú)', 'TRUE', NULL),
(63, 10, '10abc_1.idegen nyelv _ angol 5 - Iskolai csoport (tanórai célú)', 'TRUE', NULL),
(64, 10, '10abc_1.idegen nyelv _ angol 6 - Iskolai csoport (tanórai célú)', 'TRUE', NULL),
(65, 10, '10abc_kompetenciafejlesztés _ 1_(második idegen nyelv helyett) - Iskolai csoport (tanórai )', 'TRUE', NULL),
(66, 10, '10abc_kompetenciafejlesztés_ 2_(második idegen nyelv helyett) - Iskolai csoport (tanórai célú)', 'TRUE', NULL),
(67, 10, '10b_szakma_1 - Iskolai csoport (tanórai célú)', 'TRUE', NULL),
(68, 10, '10b_szakma_2 - Iskolai csoport (tanórai célú)', 'TRUE', NULL),
(69, 10, '10c_szakma_1 - Iskolai csoport (tanórai célú)', 'TRUE', NULL),
(70, 10, '10c_szakma_2 - Iskolai csoport (tanórai célú)', 'TRUE', NULL),
(71, 11, '11a_1 - Iskolai csoport (tanórai célú)', 'TRUE', NULL),
(72, 11, '11a_2 - Iskolai csoport (tanórai célú)', 'TRUE', NULL),
(73, 11, '11a_ah_bh_(második idegen nyelv)_német_1 - Iskolai csoport (tanórai célú)', 'TRUE', NULL),
(74, 11, '11a_ah_bh_(második idegen nyelv)_német_2 - Iskolai csoport (tanórai célú)', 'TRUE', NULL),
(75, 11, '11a_ah_bh_(második idegen nyelv)_német_3 - Iskolai csoport (tanórai célú)', 'TRUE', NULL),
(76, 11, '11a_ah_bh_(második idegen nyelv)_német_4 - Iskolai csoport (tanórai célú)', 'TRUE', NULL),
(77, 11, '11a_ah_bh_földrajz_(második idegen nyelv helyett) - Iskolai csoport (tanórai célú)', 'TRUE', NULL),
(78, 11, '11abh_1.idegen nyelv _angol_1 - Iskolai csoport (tanórai célú)', 'TRUE', NULL),
(79, 11, '11abh_1.idegen nyelv _angol_2 - Iskolai csoport (tanórai célú)', 'TRUE', NULL),
(80, 11, '11abh_1.idegen nyelv _angol_3 - Iskolai csoport (tanórai célú)', 'TRUE', NULL),
(81, 11, '11abh_1.idegen nyelv _angol_4 - Iskolai csoport (tanórai célú)', 'TRUE', NULL),
(82, 11, '11ah_szakma_1 - Iskolai csoport (tanórai célú)', 'TRUE', NULL),
(83, 11, '11ah_szakma_2 - Iskolai csoport (tanórai célú)', 'TRUE', NULL),
(84, 11, '11b_1 - Iskolai csoport (tanórai célú)', 'TRUE', NULL),
(85, 11, '11b_2 - Iskolai csoport (tanórai célú)', 'TRUE', NULL),
(86, 11, '11bh_szakma_1 - Iskolai csoport (tanórai célú)', 'TRUE', NULL),
(87, 11, '11bh_szakma_2 - Iskolai csoport (tanórai célú)', 'TRUE', NULL),
(88, 11, '11c_1 - Iskolai csoport (tanórai célú)', 'TRUE', NULL),
(89, 11, '11c_2 - Iskolai csoport (tanórai célú)', 'TRUE', NULL),
(90, 12, '12a_1 - Iskolai csoport (tanórai célú)', 'TRUE', NULL),
(91, 12, '12a_2 - Iskolai csoport (tanórai célú)', 'TRUE', NULL),
(92, 12, '12abh_(második idegen nyelv)_német_1 - Iskolai csoport (tanórai célú)', 'TRUE', NULL),
(93, 12, '12abh_(második idegen nyelv)_német_2 - Iskolai csoport (tanórai célú)', 'TRUE', NULL),
(94, 12, '12abh_(második idegen nyelv)_német_3 - Iskolai csoport (tanórai célú)', 'TRUE', NULL),
(95, 12, '12abh_1.idegen nyelv _angol_1 - Iskolai csoport (tanórai célú)', 'TRUE', NULL),
(96, 12, '12abh_1.idegen nyelv _angol_2 - Iskolai csoport (tanórai célú)', 'TRUE', NULL),
(97, 12, '12abh_1.idegen nyelv _angol_3 - Iskolai csoport (tanórai célú)', 'TRUE', NULL),
(98, 12, '12abh_1.idegen nyelv _angol_4 - Iskolai csoport (tanórai célú)', 'TRUE', NULL),
(99, 12, '12abh_földrajz_(második idegen nyelv helyett) - Iskolai csoport (tanórai célú)', 'TRUE', NULL),
(100, 12, '12ah_szakma_1 - Iskolai csoport (tanórai célú)', 'TRUE', NULL),
(101, 12, '12ah_szakma_2 - Iskolai csoport (tanórai célú)', 'TRUE', NULL),
(102, 12, '12b_1 - Iskolai csoport (tanórai célú)', 'TRUE', NULL),
(103, 12, '12b_2 - Iskolai csoport (tanórai célú)', 'TRUE', NULL),
(104, 12, '12bh_szakma_1 - Iskolai csoport (tanórai célú)', 'TRUE', NULL),
(105, 12, '12bh_szakma_2 - Iskolai csoport (tanórai célú)', 'TRUE', NULL),
(106, 12, '12c_1 - Iskolai csoport (tanórai célú)', 'TRUE', NULL),
(107, 12, '12c_2 - Iskolai csoport (tanórai célú)', 'TRUE', NULL),
(108, 13, '13/a_ah_1 - Iskolai csoport (tanórai célú)', 'TRUE', NULL),
(109, 13, '13/a_ah_2 - Iskolai csoport (tanórai célú)', 'TRUE', NULL),
(110, 13, '13_bh_1 - Iskolai csoport (tanórai célú)', 'TRUE', NULL),
(111, 13, '13_bh_2 - Iskolai csoport (tanórai célú)', 'TRUE', NULL),
(112, 13, '13_vizsgafelk_magyar nyelv és irodalom_1 - Iskolai csoport (tanórai célú)', 'TRUE', NULL),
(113, 13, '13_vizsgafelk_magyar nyelv és irodalom_2 - Iskolai csoport (tanórai célú)', 'TRUE', NULL),
(114, 13, '13_vizsgafelk_magyar nyelv és irodalom_3 - Iskolai csoport (tanórai célú)', 'TRUE', NULL),
(115, 13, '13_vizsgafelk_magyar nyelv és irodalom_4 - Iskolai csoport (tanórai célú)', 'TRUE', NULL),
(116, 13, '13_vizsgafelk_magyar nyelv és irodalom_5 - Iskolai csoport (tanórai célú)', 'TRUE', NULL),
(117, 13, '13_vizsgafelk_magyar nyelv és irodalom_6 - Iskolai csoport (tanórai célú)', 'TRUE', NULL),
(118, 13, '13_vizsgafelk_magyar nyelv és irodalom_7 - Iskolai csoport (tanórai célú)', 'TRUE', NULL),
(119, 13, '13_vizsgafelk_magyar nyelv és irodalom_8 - Iskolai csoport (tanórai célú)', 'TRUE', NULL),
(120, 13, '13_vizsgafelk_matematika_1 - Iskolai csoport (tanórai célú)', 'TRUE', NULL),
(121, 13, '13_vizsgafelk_matematika_2 - Iskolai csoport (tanórai célú)', 'TRUE', NULL),
(122, 13, '13_vizsgafelk_matematika_3 - Iskolai csoport (tanórai célú)', 'TRUE', NULL),
(123, 13, '13_vizsgafelk_matematika_4 - Iskolai csoport (tanórai célú)', 'TRUE', NULL),
(124, 13, '13_vizsgafelk_matematika_5 - Iskolai csoport (tanórai célú)', 'TRUE', NULL),
(125, 13, '13_vizsgafelk_matematika_6 - Iskolai csoport (tanórai célú)', 'TRUE', NULL),
(126, 13, '13_vizsgafelk_matematika_7 - Iskolai csoport (tanórai célú)', 'TRUE', NULL),
(127, 13, '13_vizsgafelk_matematika_8 - Iskolai csoport (tanórai célú)', 'TRUE', NULL),
(128, 13, '13_vizsgafelk_történelem_1 - Iskolai csoport (tanórai célú)', 'TRUE', NULL),
(129, 13, '13_vizsgafelk_történelem_2 - Iskolai csoport (tanórai célú)', 'TRUE', NULL),
(130, 13, '13_vizsgafelk_történelem_3 - Iskolai csoport (tanórai célú)', 'TRUE', NULL),
(131, 13, '13_vizsgafelk_történelem_4 - Iskolai csoport (tanórai célú)', 'TRUE', NULL),
(132, 13, '13_vizsgafelk_történelem_5 - Iskolai csoport (tanórai célú)', 'TRUE', NULL),
(133, 13, '13_vizsgafelk_történelem_6 - Iskolai csoport (tanórai célú)', 'TRUE', NULL),
(134, 13, '13_vizsgafelk_történelem_7 - Iskolai csoport (tanórai célú)', 'TRUE', NULL),
(135, 13, '13_vizsgafelk_történelem_8 - Iskolai csoport (tanórai célú)', 'TRUE', NULL),
(136, 13, '13b_1 - Iskolai csoport (tanórai célú)', 'TRUE', NULL),
(137, 13, '13b_2 - Iskolai csoport (tanórai célú)', 'TRUE', NULL),
(138, 0, 'Egyetemi felkészítő történelemből - Fakultációs csoport', 'TRUE', NULL),
(139, 0, 'Erasmus kiküldetés Törökország 2024.12.01-07. - Na', 'TRUE', NULL),
(140, 0, 'gyógypedagógiai fogl_SNI_BTMN_1/9/E - Fejlesztő foglalkozási csoport', 'TRUE', NULL),
(141, 0, 'gyógypedagógiai fogl_SNI_BTMN_10/A - Fejlesztő foglalkozási csoport', 'TRUE', NULL),
(142, 0, 'gyógypedagógiai fogl_SNI_BTMN_10/B - Fejlesztő foglalkozási csoport', 'TRUE', NULL),
(143, 0, 'gyógypedagógiai fogl_SNI_BTMN_10/C - Fejlesztő foglalkozási csoport', 'TRUE', NULL),
(144, 0, 'gyógypedagógiai fogl_SNI_BTMN_11/A - Fejlesztő foglalkozási csoport', 'TRUE', NULL),
(145, 0, 'gyógypedagógiai fogl_SNI_BTMN_11/B - Fejlesztő foglalkozási csoport', 'TRUE', NULL),
(146, 0, 'gyógypedagógiai fogl_SNI_BTMN_11/BH - Fejlesztő foglalkozási csoport', 'TRUE', NULL),
(147, 0, 'gyógypedagógiai fogl_SNI_BTMN_11/C - Fejlesztő foglalkozási csoport', 'TRUE', NULL),
(148, 0, 'gyógypedagógiai fogl_SNI_BTMN_12/A - Fejlesztő foglalkozási csoport', 'TRUE', NULL),
(149, 0, 'gyógypedagógiai fogl_SNI_BTMN_12/AH - Fejlesztő foglalkozási csoport', 'TRUE', NULL),
(150, 0, 'gyógypedagógiai fogl_SNI_BTMN_12/C - Fejlesztő foglalkozási csoport', 'TRUE', NULL),
(151, 0, 'gyógypedagógiai fogl_SNI_BTMN_2/10/E - Fejlesztő foglalkozási csoport', 'TRUE', NULL),
(152, 0, 'gyógypedagógiai fogl_SNI_BTMN_2/10/F - Fejlesztő foglalkozási csoport', 'TRUE', NULL),
(153, 0, 'gyógypedagógiai fogl_SNI_BTMN_9/B - Fejlesztő foglalkozási csoport', 'TRUE', NULL),
(154, 0, 'gyógypedagógiai fogl_SNI_BTMN_9/D - Fejlesztő foglalkozási csoport', 'TRUE', NULL),
(155, 0, 'vizsgafelkészítő/informatika_13. évfolyamon - Iskolai csoport (tanórai célú)', 'TRUE', NULL),
(156, 0, 'vizsgafelkészítő/kereskedelem_A_AH_13. évfolyamon - Iskolai csoport (tanórai célú)', 'TRUE', NULL),
(157, 0, 'vizsgafelkészítő/kereskedelem_BH_13. évfolyamon - Iskolai csoport (tanórai célú)', 'TRUE', NULL),
(158, 0, 'vizsgafelkészítő/logisztika_13. évfolyamon - Iskolai csoport (tanórai célú)', 'TRUE', NULL);

-- --------------------------------------------------------

--
-- Tábla szerkezet ehhez a táblához `tanar`
--

CREATE TABLE `tanar` (
  `tanarId` bigint(20) UNSIGNED NOT NULL,
  `tanarnev` varchar(255) NOT NULL,
  `tanarkod` varchar(255) NOT NULL,
  `email` varchar(255) DEFAULT NULL
) ENGINE=InnoDB DEFAULT CHARSET=utf8mb4 COLLATE=utf8mb4_general_ci;

--
-- A tábla adatainak kiíratása `tanar`
--

INSERT INTO `tanar` (`tanarId`, `tanarnev`, `tanarkod`, `email`) VALUES
(1, 'Kovács Péter', 'T001', 'kovacs.peter@example.com'),
(2, 'Nagy Anna', 'T002', 'nagy.anna@example.com'),
(3, 'Szabó Gábor', 'T003', 'szabo.gabor@example.com'),
(4, 'Tóth Zsuzsa', 'T004', 'toth.zsuzsa@example.com'),
(5, 'Horváth István', 'T005', 'horvath.istvan@example.com'),
(6, 'Varga Katalin', 'T006', 'varga.katalin@example.com'),
(7, 'Kiss András', 'T007', 'kiss.andras@example.com'),
(8, 'Molnár Éva', 'T008', 'molnar.eva@example.com'),
(9, 'Farkas János', 'T009', 'farkas.janos@example.com'),
(10, 'Németh Ilona', 'T010', 'nemeth.ilona@example.com'),
(11, 'Balogh László', 'T011', 'balogh.laszlo@example.com'),
(12, 'Simon Erika', 'T012', 'simon.erika@example.com'),
(13, 'Szalai Ákos', 'T013', 'szalai.akos@example.com'),
(14, 'Takács Júlia', 'T014', 'takacs.julia@example.com'),
(15, 'Fekete Tamás', 'T015', 'fekete.tamas@example.com'),
(16, 'Hegedűs Márta', 'T016', 'hegedus.marta@example.com'),
(17, 'Lukács Béla', 'T017', 'lukacs.bela@example.com'),
(18, 'Kelemen Adrienn', 'T018', 'kelemen.adrienn@example.com'),
(19, 'Székely Ádám', 'T019', 'szekely.adam@example.com'),
(20, 'Csáki Judit', 'T020', 'csaki.judit@example.com');

-- --------------------------------------------------------

--
-- Tábla szerkezet ehhez a táblához `tanora`
--

CREATE TABLE `tanora` (
  `hetnapja` bigint(20) UNSIGNED DEFAULT NULL,
  `oraszam` bigint(20) UNSIGNED DEFAULT NULL,
  `tanarId` bigint(20) UNSIGNED DEFAULT NULL,
  `teremId` bigint(20) UNSIGNED DEFAULT NULL,
  `osztalyId` bigint(20) UNSIGNED DEFAULT NULL,
  `tantargyId` bigint(20) UNSIGNED DEFAULT NULL
) ENGINE=InnoDB DEFAULT CHARSET=utf8mb4 COLLATE=utf8mb4_general_ci;

--
-- A tábla adatainak kiíratása `tanora`
--

INSERT INTO `tanora` (`hetnapja`, `oraszam`, `tanarId`, `teremId`, `osztalyId`, `tantargyId`) VALUES
(1, 1, 2, 5, 50, 12),
(1, 1, 3, 16, 141, 11),
(1, 1, 5, 14, 148, 36),
(1, 1, 6, 4, 40, 34),
(1, 1, 6, 4, 97, 73),
(1, 1, 7, 8, 23, 71),
(1, 1, 7, 8, 137, 13),
(1, 1, 10, 1, 18, 69),
(1, 1, 10, 19, 8, 56),
(1, 1, 14, 20, 66, 12),
(1, 1, 17, 2, 86, 65),
(1, 1, 18, 4, 45, 60),
(1, 1, 20, 10, 26, 5),
(1, 1, 20, 13, 104, 75),
(1, 2, 1, 20, 153, 43),
(1, 2, 3, 13, 64, 22),
(1, 2, 5, 11, 141, 69),
(1, 2, 5, 19, 143, 17),
(1, 2, 8, 12, 57, 17),
(1, 2, 9, 3, 32, 6),
(1, 2, 9, 5, 25, 31),
(1, 2, 9, 6, 55, 29),
(1, 2, 10, 9, 63, 34),
(1, 2, 10, 11, 82, 51),
(1, 2, 10, 15, 98, 23),
(1, 2, 11, 10, 55, 54),
(1, 2, 12, 3, 110, 36),
(1, 2, 12, 15, 96, 41),
(1, 2, 14, 12, 148, 6),
(1, 2, 14, 14, 20, 40),
(1, 2, 15, 7, 109, 17),
(1, 2, 16, 2, 119, 5),
(1, 2, 16, 9, 139, 7),
(1, 2, 16, 15, 107, 59),
(1, 2, 17, 9, 108, 54),
(1, 2, 17, 17, 65, 2),
(1, 2, 18, 2, 42, 47),
(1, 2, 19, 18, 32, 32),
(1, 3, 1, 6, 38, 15),
(1, 3, 2, 16, 79, 31),
(1, 3, 3, 11, 158, 17),
(1, 3, 4, 15, 105, 64),
(1, 3, 4, 20, 102, 57),
(1, 3, 7, 6, 157, 24),
(1, 3, 9, 10, 37, 31),
(1, 3, 9, 15, 120, 12),
(1, 3, 12, 4, 112, 21),
(1, 3, 13, 8, 37, 43),
(1, 3, 16, 2, 4, 4),
(1, 3, 16, 4, 21, 51),
(1, 3, 18, 6, 9, 62),
(1, 3, 18, 10, 155, 71),
(1, 3, 19, 1, 34, 66),
(1, 3, 19, 8, 15, 52),
(1, 3, 19, 10, 50, 13),
(1, 3, 20, 14, 154, 19),
(1, 4, 1, 14, 55, 62),
(1, 4, 2, 2, 10, 46),
(1, 4, 2, 20, 106, 50),
(1, 4, 4, 19, 83, 75),
(1, 4, 7, 13, 156, 9),
(1, 4, 8, 12, 48, 37),
(1, 4, 9, 13, 29, 9),
(1, 4, 9, 14, 67, 33),
(1, 4, 10, 7, 16, 32),
(1, 4, 11, 15, 65, 3),
(1, 4, 12, 13, 125, 52),
(1, 4, 12, 13, 131, 14),
(1, 4, 13, 1, 58, 29),
(1, 4, 13, 13, 23, 57),
(1, 4, 14, 2, 113, 64),
(1, 4, 14, 8, 41, 64),
(1, 4, 14, 10, 108, 23),
(1, 4, 17, 12, 99, 73),
(1, 4, 20, 4, 131, 53),
(1, 5, 1, 1, 88, 62),
(1, 5, 1, 10, 41, 72),
(1, 5, 1, 14, 106, 34),
(1, 5, 1, 15, 85, 72),
(1, 5, 2, 5, 66, 31),
(1, 5, 5, 16, 19, 1),
(1, 5, 7, 3, 112, 37),
(1, 5, 8, 2, 131, 67),
(1, 5, 8, 2, 134, 51),
(1, 5, 8, 7, 76, 41),
(1, 5, 11, 11, 41, 55),
(1, 5, 11, 16, 85, 7),
(1, 5, 11, 17, 115, 73),
(1, 5, 12, 9, 130, 61),
(1, 5, 12, 16, 129, 5),
(1, 5, 14, 6, 63, 33),
(1, 5, 14, 7, 34, 67),
(1, 5, 14, 17, 1, 10),
(1, 5, 16, 8, 72, 32),
(1, 5, 17, 19, 94, 21),
(1, 5, 19, 13, 132, 52),
(1, 5, 19, 15, 5, 28),
(1, 6, 1, 3, 151, 39),
(1, 6, 1, 16, 112, 42),
(1, 6, 2, 2, 74, 42),
(1, 6, 2, 16, 156, 68),
(1, 6, 2, 19, 102, 21),
(1, 6, 3, 6, 154, 19),
(1, 6, 3, 11, 17, 8),
(1, 6, 4, 5, 91, 24),
(1, 6, 5, 14, 70, 63),
(1, 6, 5, 20, 32, 29),
(1, 6, 6, 1, 14, 30),
(1, 6, 6, 15, 115, 69),
(1, 6, 7, 9, 78, 12),
(1, 6, 7, 11, 106, 28),
(1, 6, 8, 2, 45, 9),
(1, 6, 8, 4, 13, 15),
(1, 6, 8, 10, 56, 60),
(1, 6, 9, 3, 106, 44),
(1, 6, 9, 7, 19, 22),
(1, 6, 9, 7, 137, 66),
(1, 6, 11, 19, 104, 27),
(1, 6, 12, 2, 43, 10),
(1, 6, 12, 9, 36, 52),
(1, 6, 13, 20, 85, 50),
(1, 6, 14, 8, 100, 41),
(1, 6, 15, 3, 155, 17),
(1, 6, 15, 18, 126, 39),
(1, 6, 17, 13, 54, 56),
(1, 6, 18, 9, 88, 33),
(1, 6, 19, 6, 155, 13),
(1, 6, 20, 3, 132, 39),
(1, 7, 1, 15, 129, 39),
(1, 7, 2, 8, 86, 43),
(1, 7, 3, 16, 38, 9),
(1, 7, 3, 17, 76, 54),
(1, 7, 3, 17, 82, 3),
(1, 7, 4, 11, 18, 38),
(1, 7, 5, 20, 78, 13),
(1, 7, 9, 14, 7, 46),
(1, 7, 9, 15, 36, 8),
(1, 7, 10, 5, 17, 19),
(1, 7, 10, 6, 99, 45),
(1, 7, 11, 1, 35, 42),
(1, 7, 13, 6, 117, 48),
(1, 7, 13, 8, 17, 44),
(1, 7, 14, 17, 148, 69),
(1, 7, 15, 5, 43, 55),
(1, 7, 17, 4, 39, 18),
(1, 7, 18, 1, 87, 53),
(1, 7, 19, 10, 75, 13),
(1, 7, 19, 20, 30, 19),
(1, 8, 3, 8, 52, 57),
(1, 8, 3, 18, 62, 49),
(1, 8, 4, 5, 93, 60),
(1, 8, 6, 1, 84, 20),
(1, 8, 6, 7, 11, 74),
(1, 8, 6, 18, 96, 23),
(1, 8, 8, 1, 46, 55),
(1, 8, 11, 2, 44, 38),
(1, 8, 12, 3, 95, 2),
(1, 8, 12, 13, 62, 67),
(1, 8, 12, 15, 83, 69),
(1, 8, 16, 10, 38, 68),
(1, 8, 17, 11, 104, 56),
(1, 8, 18, 1, 18, 68),
(1, 8, 18, 13, 96, 60),
(1, 8, 19, 7, 49, 56),
(1, 8, 20, 3, 1, 54),
(1, 9, 1, 6, 80, 75),
(1, 9, 1, 15, 78, 70),
(1, 9, 1, 19, 118, 7),
(1, 9, 3, 7, 2, 4),
(1, 9, 3, 19, 146, 70),
(1, 9, 4, 6, 25, 73),
(1, 9, 4, 16, 33, 64),
(1, 9, 4, 18, 79, 25),
(1, 9, 5, 13, 126, 57),
(1, 9, 6, 2, 115, 57),
(1, 9, 7, 11, 68, 37),
(1, 9, 7, 20, 80, 1),
(1, 9, 9, 2, 26, 20),
(1, 9, 9, 9, 157, 34),
(1, 9, 11, 10, 24, 27),
(1, 9, 13, 17, 37, 21),
(1, 9, 14, 17, 96, 58),
(1, 9, 15, 9, 29, 48),
(1, 9, 16, 13, 104, 7),
(1, 9, 17, 18, 92, 17),
(1, 9, 17, 20, 135, 21),
(1, 9, 18, 9, 71, 31),
(1, 9, 20, 13, 51, 53),
(2, 1, 1, 5, 79, 33),
(2, 1, 1, 9, 32, 1),
(2, 1, 1, 18, 84, 11),
(2, 1, 2, 7, 23, 34),
(2, 1, 2, 17, 11, 27),
(2, 1, 2, 18, 50, 71),
(2, 1, 3, 4, 100, 33),
(2, 1, 4, 6, 9, 36),
(2, 1, 5, 13, 125, 32),
(2, 1, 6, 11, 17, 1),
(2, 1, 7, 1, 81, 46),
(2, 1, 7, 6, 27, 40),
(2, 1, 8, 5, 106, 3),
(2, 1, 9, 1, 154, 56),
(2, 1, 9, 6, 35, 47),
(2, 1, 9, 13, 124, 40),
(2, 1, 10, 4, 22, 55),
(2, 1, 10, 8, 97, 10),
(2, 1, 10, 18, 145, 2),
(2, 1, 11, 13, 12, 57),
(2, 1, 11, 16, 28, 4),
(2, 1, 13, 4, 18, 40),
(2, 1, 13, 16, 10, 20),
(2, 1, 14, 9, 60, 69),
(2, 1, 15, 5, 87, 27),
(2, 1, 16, 4, 156, 18),
(2, 1, 17, 3, 120, 51),
(2, 1, 19, 15, 78, 32),
(2, 2, 1, 20, 17, 52),
(2, 2, 2, 14, 83, 52),
(2, 2, 2, 20, 150, 12),
(2, 2, 4, 9, 27, 18),
(2, 2, 4, 19, 121, 12),
(2, 2, 8, 17, 8, 6),
(2, 2, 11, 10, 53, 43),
(2, 2, 11, 11, 149, 54),
(2, 2, 11, 14, 41, 3),
(2, 2, 12, 7, 18, 20),
(2, 2, 12, 8, 42, 17),
(2, 2, 12, 20, 79, 9),
(2, 2, 13, 2, 144, 9),
(2, 2, 14, 2, 148, 28),
(2, 2, 14, 10, 151, 33),
(2, 2, 17, 3, 126, 16),
(2, 2, 18, 7, 122, 74),
(2, 3, 1, 5, 20, 27),
(2, 3, 4, 11, 85, 34),
(2, 3, 5, 7, 87, 31),
(2, 3, 5, 20, 20, 60),
(2, 3, 6, 5, 43, 61),
(2, 3, 6, 13, 115, 64),
(2, 3, 6, 19, 76, 1),
(2, 3, 8, 9, 73, 46),
(2, 3, 9, 11, 33, 1),
(2, 3, 10, 7, 104, 42),
(2, 3, 10, 8, 117, 56),
(2, 3, 11, 9, 10, 70),
(2, 3, 11, 14, 80, 3),
(2, 3, 12, 3, 43, 63),
(2, 3, 13, 9, 146, 24),
(2, 3, 13, 11, 35, 43),
(2, 3, 13, 12, 145, 55),
(2, 3, 13, 19, 79, 50),
(2, 3, 14, 14, 128, 34),
(2, 3, 16, 11, 105, 26),
(2, 3, 17, 1, 129, 4),
(2, 3, 17, 12, 35, 28),
(2, 3, 20, 3, 98, 66),
(2, 4, 1, 9, 34, 1),
(2, 4, 2, 17, 16, 55),
(2, 4, 3, 14, 53, 19),
(2, 4, 3, 14, 107, 70),
(2, 4, 4, 11, 139, 13),
(2, 4, 7, 4, 65, 61),
(2, 4, 7, 20, 99, 49),
(2, 4, 8, 13, 65, 23),
(2, 4, 9, 2, 43, 67),
(2, 4, 9, 9, 110, 32),
(2, 4, 9, 12, 67, 62),
(2, 4, 9, 16, 107, 66),
(2, 4, 10, 1, 125, 28),
(2, 4, 11, 9, 61, 1),
(2, 4, 12, 9, 6, 56),
(2, 4, 13, 3, 38, 17),
(2, 4, 14, 19, 94, 75),
(2, 4, 17, 14, 114, 37),
(2, 4, 19, 13, 46, 36),
(2, 4, 19, 17, 32, 50),
(2, 4, 20, 1, 158, 61),
(2, 5, 6, 1, 53, 36),
(2, 5, 8, 20, 91, 63),
(2, 5, 9, 8, 72, 75),
(2, 5, 10, 19, 87, 51),
(2, 5, 11, 14, 78, 70),
(2, 5, 13, 6, 102, 64),
(2, 5, 14, 8, 137, 63),
(2, 5, 14, 20, 55, 39),
(2, 5, 16, 17, 154, 15),
(2, 5, 16, 19, 15, 22),
(2, 5, 16, 19, 108, 73),
(2, 5, 17, 7, 158, 32),
(2, 5, 17, 19, 69, 3),
(2, 5, 18, 14, 3, 30),
(2, 5, 19, 6, 54, 46),
(2, 5, 20, 14, 73, 39),
(2, 6, 1, 14, 50, 58),
(2, 6, 2, 3, 132, 18),
(2, 6, 2, 16, 20, 62),
(2, 6, 3, 13, 75, 53),
(2, 6, 3, 19, 82, 38),
(2, 6, 5, 16, 5, 54),
(2, 6, 7, 10, 139, 50),
(2, 6, 8, 3, 103, 24),
(2, 6, 8, 13, 57, 57),
(2, 6, 8, 17, 78, 27),
(2, 6, 9, 19, 19, 70),
(2, 6, 12, 11, 74, 51),
(2, 6, 12, 17, 99, 74),
(2, 6, 13, 2, 59, 28),
(2, 6, 14, 1, 66, 37),
(2, 6, 16, 2, 89, 54),
(2, 6, 17, 20, 93, 14),
(2, 6, 18, 20, 93, 34),
(2, 6, 19, 8, 109, 31),
(2, 6, 19, 17, 20, 4),
(2, 6, 20, 3, 133, 19),
(2, 7, 2, 1, 24, 72),
(2, 7, 2, 4, 18, 30),
(2, 7, 4, 11, 96, 9),
(2, 7, 6, 1, 9, 55),
(2, 7, 7, 9, 56, 16),
(2, 7, 8, 8, 116, 8),
(2, 7, 8, 14, 103, 66),
(2, 7, 9, 20, 147, 15),
(2, 7, 10, 7, 96, 12),
(2, 7, 10, 9, 53, 12),
(2, 7, 11, 16, 109, 11),
(2, 7, 12, 11, 69, 24),
(2, 7, 12, 19, 114, 56),
(2, 7, 13, 14, 135, 16),
(2, 7, 13, 16, 22, 32),
(2, 7, 14, 20, 106, 10),
(2, 7, 15, 10, 4, 20),
(2, 7, 16, 11, 40, 73),
(2, 7, 17, 12, 6, 25),
(2, 7, 17, 18, 15, 72),
(2, 7, 18, 18, 114, 28),
(2, 7, 20, 1, 64, 14),
(2, 7, 20, 12, 136, 33),
(2, 8, 1, 2, 156, 31),
(2, 8, 1, 10, 1, 1),
(2, 8, 2, 10, 118, 24),
(2, 8, 3, 2, 104, 58),
(2, 8, 3, 20, 78, 31),
(2, 8, 4, 6, 73, 70),
(2, 8, 4, 9, 150, 59),
(2, 8, 4, 12, 104, 27),
(2, 8, 5, 15, 47, 57),
(2, 8, 5, 16, 45, 64),
(2, 8, 6, 5, 72, 16),
(2, 8, 7, 12, 27, 63),
(2, 8, 7, 20, 89, 34),
(2, 8, 8, 10, 43, 72),
(2, 8, 8, 11, 151, 33),
(2, 8, 9, 4, 99, 48),
(2, 8, 9, 20, 117, 10),
(2, 8, 10, 2, 44, 20),
(2, 8, 10, 5, 14, 7),
(2, 8, 10, 17, 154, 11),
(2, 8, 11, 3, 21, 8),
(2, 8, 11, 15, 114, 7),
(2, 8, 12, 6, 56, 63),
(2, 8, 15, 11, 89, 28),
(2, 8, 16, 6, 49, 71),
(2, 8, 17, 4, 53, 18),
(2, 8, 17, 11, 137, 66),
(2, 8, 17, 19, 91, 23),
(2, 8, 18, 8, 55, 72),
(2, 8, 18, 20, 145, 57),
(2, 8, 19, 12, 72, 14),
(2, 8, 20, 8, 109, 53),
(2, 9, 1, 2, 39, 75),
(2, 9, 1, 19, 95, 64),
(2, 9, 2, 10, 58, 39),
(2, 9, 2, 10, 86, 46),
(2, 9, 3, 10, 14, 21),
(2, 9, 4, 14, 11, 10),
(2, 9, 5, 9, 127, 60),
(2, 9, 6, 13, 136, 23),
(2, 9, 6, 16, 43, 52),
(2, 9, 6, 19, 71, 63),
(2, 9, 8, 8, 21, 37),
(2, 9, 8, 18, 19, 62),
(2, 9, 10, 9, 12, 72),
(2, 9, 10, 15, 131, 67),
(2, 9, 11, 2, 40, 6),
(2, 9, 13, 4, 82, 65),
(2, 9, 13, 6, 152, 9),
(2, 9, 14, 8, 81, 69),
(2, 9, 16, 6, 53, 13),
(2, 9, 17, 9, 5, 75),
(2, 9, 18, 6, 152, 18),
(2, 9, 18, 9, 154, 39),
(2, 9, 18, 14, 48, 40),
(2, 9, 18, 15, 95, 66),
(2, 9, 18, 15, 150, 44),
(2, 9, 20, 16, 74, 69),
(2, 9, 20, 18, 91, 23),
(3, 1, 1, 3, 74, 56),
(3, 1, 1, 3, 139, 70),
(3, 1, 1, 6, 94, 28),
(3, 1, 2, 12, 61, 11),
(3, 1, 3, 3, 20, 5),
(3, 1, 4, 19, 73, 2),
(3, 1, 5, 4, 13, 38),
(3, 1, 5, 4, 158, 41),
(3, 1, 7, 11, 78, 65),
(3, 1, 8, 10, 21, 75),
(3, 1, 9, 5, 82, 36),
(3, 1, 10, 3, 129, 37),
(3, 1, 11, 1, 104, 4),
(3, 1, 11, 19, 128, 54),
(3, 1, 13, 6, 84, 39),
(3, 1, 13, 19, 130, 32),
(3, 1, 16, 11, 71, 10),
(3, 1, 16, 16, 101, 53),
(3, 1, 18, 9, 80, 4),
(3, 1, 19, 11, 130, 2),
(3, 1, 20, 6, 137, 58),
(3, 2, 1, 2, 62, 34),
(3, 2, 1, 5, 28, 74),
(3, 2, 1, 10, 25, 67),
(3, 2, 2, 7, 57, 74),
(3, 2, 3, 3, 63, 27),
(3, 2, 4, 6, 66, 67),
(3, 2, 4, 6, 111, 29),
(3, 2, 4, 11, 36, 14),
(3, 2, 4, 20, 94, 46),
(3, 2, 5, 9, 152, 67),
(3, 2, 5, 16, 21, 23),
(3, 2, 7, 15, 123, 7),
(3, 2, 7, 18, 117, 19),
(3, 2, 8, 19, 145, 63),
(3, 2, 9, 3, 155, 71),
(3, 2, 9, 15, 129, 4),
(3, 2, 11, 20, 115, 6),
(3, 2, 13, 3, 127, 24),
(3, 2, 13, 10, 19, 6),
(3, 2, 14, 9, 2, 12),
(3, 2, 15, 2, 101, 30),
(3, 2, 15, 6, 12, 34),
(3, 2, 15, 7, 86, 73),
(3, 2, 15, 11, 64, 16),
(3, 2, 16, 6, 77, 31),
(3, 2, 16, 7, 136, 57),
(3, 2, 18, 3, 47, 54),
(3, 2, 18, 10, 30, 74),
(3, 2, 18, 10, 105, 7),
(3, 2, 19, 11, 87, 65),
(3, 2, 19, 20, 17, 69),
(3, 2, 20, 9, 9, 2),
(3, 2, 20, 15, 119, 5),
(3, 2, 20, 18, 132, 44),
(3, 3, 1, 9, 118, 53),
(3, 3, 1, 15, 6, 27),
(3, 3, 4, 16, 79, 19),
(3, 3, 5, 12, 124, 75),
(3, 3, 9, 8, 126, 18),
(3, 3, 9, 10, 144, 26),
(3, 3, 9, 11, 34, 58),
(3, 3, 11, 11, 65, 74),
(3, 3, 11, 17, 79, 17),
(3, 3, 12, 2, 7, 1),
(3, 3, 13, 5, 86, 25),
(3, 3, 13, 7, 115, 61),
(3, 3, 13, 13, 90, 7),
(3, 3, 14, 11, 50, 23),
(3, 3, 15, 17, 155, 26),
(3, 3, 16, 9, 21, 14),
(3, 3, 16, 13, 103, 1),
(3, 3, 17, 12, 10, 62),
(3, 3, 17, 13, 71, 24),
(3, 3, 17, 20, 91, 10),
(3, 3, 18, 2, 50, 75),
(3, 3, 18, 8, 28, 37),
(3, 3, 19, 13, 81, 22),
(3, 3, 20, 5, 33, 8),
(3, 4, 3, 5, 57, 39),
(3, 4, 4, 2, 59, 17),
(3, 4, 5, 1, 80, 29),
(3, 4, 6, 10, 107, 62),
(3, 4, 7, 2, 103, 20),
(3, 4, 7, 10, 1, 21),
(3, 4, 10, 3, 131, 29),
(3, 4, 11, 5, 30, 39),
(3, 4, 12, 3, 11, 25),
(3, 4, 12, 3, 54, 3),
(3, 4, 12, 19, 154, 23),
(3, 4, 16, 5, 74, 8),
(3, 4, 16, 9, 150, 38),
(3, 4, 16, 10, 90, 26),
(3, 4, 17, 17, 71, 60),
(3, 4, 18, 1, 44, 55),
(3, 4, 19, 2, 61, 5),
(3, 4, 19, 5, 134, 56),
(3, 4, 19, 6, 47, 5),
(3, 4, 19, 7, 75, 40),
(3, 4, 20, 12, 29, 25),
(3, 5, 1, 1, 90, 13),
(3, 5, 1, 7, 27, 12),
(3, 5, 2, 13, 92, 53),
(3, 5, 5, 20, 101, 40),
(3, 5, 6, 1, 119, 68),
(3, 5, 6, 2, 17, 60),
(3, 5, 7, 7, 152, 57),
(3, 5, 7, 15, 5, 64),
(3, 5, 7, 16, 105, 7),
(3, 5, 8, 2, 10, 69),
(3, 5, 10, 2, 79, 13),
(3, 5, 12, 16, 108, 24),
(3, 5, 14, 10, 18, 37),
(3, 5, 15, 9, 9, 48),
(3, 5, 15, 10, 68, 66),
(3, 5, 17, 16, 72, 66),
(3, 5, 17, 18, 59, 65),
(3, 5, 17, 18, 116, 51),
(3, 5, 18, 7, 98, 34),
(3, 5, 20, 9, 140, 46),
(3, 6, 1, 3, 66, 4),
(3, 6, 1, 18, 12, 30),
(3, 6, 1, 20, 93, 75),
(3, 6, 3, 8, 16, 72),
(3, 6, 4, 3, 24, 42),
(3, 6, 4, 16, 38, 64),
(3, 6, 5, 8, 53, 27),
(3, 6, 9, 4, 65, 24),
(3, 6, 9, 9, 12, 39),
(3, 6, 11, 3, 86, 39),
(3, 6, 11, 14, 87, 44),
(3, 6, 11, 18, 132, 74),
(3, 6, 13, 3, 116, 45),
(3, 6, 14, 19, 39, 17),
(3, 6, 15, 4, 104, 13),
(3, 6, 17, 18, 120, 10),
(3, 6, 19, 1, 76, 50),
(3, 6, 20, 8, 89, 57),
(3, 7, 3, 8, 151, 30),
(3, 7, 5, 4, 48, 63),
(3, 7, 5, 19, 60, 28),
(3, 7, 6, 7, 3, 40),
(3, 7, 9, 16, 6, 52),
(3, 7, 10, 17, 132, 60),
(3, 7, 11, 14, 78, 5),
(3, 7, 12, 16, 41, 65),
(3, 7, 13, 16, 112, 16),
(3, 7, 13, 17, 29, 23),
(3, 7, 13, 19, 9, 53),
(3, 7, 13, 20, 72, 47),
(3, 7, 14, 8, 74, 73),
(3, 7, 14, 17, 25, 55),
(3, 7, 15, 11, 156, 4),
(3, 7, 15, 15, 116, 46),
(3, 7, 15, 19, 86, 7),
(3, 7, 16, 5, 99, 57),
(3, 7, 17, 2, 31, 36),
(3, 7, 17, 5, 51, 53),
(3, 7, 17, 16, 83, 72),
(3, 7, 18, 6, 154, 1),
(3, 7, 18, 13, 62, 30),
(3, 7, 19, 9, 118, 3),
(3, 8, 1, 3, 44, 62),
(3, 8, 1, 4, 75, 58),
(3, 8, 1, 8, 74, 40),
(3, 8, 5, 6, 145, 54),
(3, 8, 5, 7, 26, 9),
(3, 8, 6, 1, 153, 27),
(3, 8, 7, 12, 8, 47),
(3, 8, 9, 3, 47, 59),
(3, 8, 12, 2, 30, 31),
(3, 8, 12, 5, 153, 74),
(3, 8, 13, 9, 139, 10),
(3, 8, 14, 11, 78, 16),
(3, 8, 15, 5, 14, 49),
(3, 8, 15, 17, 83, 6),
(3, 8, 16, 3, 76, 58),
(3, 8, 17, 6, 5, 38),
(3, 8, 19, 5, 125, 12),
(3, 8, 19, 10, 36, 10),
(3, 8, 19, 18, 66, 75),
(3, 8, 20, 3, 22, 63),
(3, 9, 2, 20, 57, 28),
(3, 9, 3, 13, 118, 67),
(3, 9, 3, 20, 73, 43),
(3, 9, 5, 20, 141, 44),
(3, 9, 6, 4, 96, 30),
(3, 9, 7, 7, 106, 1),
(3, 9, 8, 4, 133, 71),
(3, 9, 8, 9, 48, 58),
(3, 9, 13, 19, 35, 8),
(3, 9, 13, 20, 109, 51),
(3, 9, 14, 15, 134, 13),
(3, 9, 14, 17, 133, 64),
(3, 9, 15, 10, 137, 68),
(3, 9, 15, 17, 132, 60),
(3, 9, 16, 6, 57, 62),
(3, 9, 16, 19, 139, 8),
(3, 9, 17, 4, 156, 62),
(3, 9, 17, 16, 26, 42),
(3, 9, 17, 19, 86, 68),
(3, 9, 19, 16, 26, 29),
(3, 9, 20, 1, 142, 56),
(3, 9, 20, 14, 20, 33),
(4, 1, 1, 9, 135, 53),
(4, 1, 2, 20, 150, 17),
(4, 1, 3, 3, 6, 17),
(4, 1, 3, 13, 15, 7),
(4, 1, 4, 9, 153, 75),
(4, 1, 5, 10, 52, 45),
(4, 1, 6, 5, 12, 46),
(4, 1, 6, 16, 45, 20),
(4, 1, 6, 16, 84, 48),
(4, 1, 6, 17, 97, 9),
(4, 1, 8, 12, 86, 47),
(4, 1, 8, 14, 34, 41),
(4, 1, 9, 5, 57, 74),
(4, 1, 9, 7, 135, 25),
(4, 1, 10, 16, 118, 46),
(4, 1, 11, 2, 47, 60),
(4, 1, 11, 3, 111, 63),
(4, 1, 11, 18, 134, 44),
(4, 1, 13, 6, 52, 61),
(4, 1, 14, 4, 33, 25),
(4, 1, 14, 4, 72, 12),
(4, 1, 14, 11, 127, 72),
(4, 1, 19, 17, 29, 64),
(4, 1, 19, 18, 83, 69),
(4, 1, 19, 20, 109, 48),
(4, 1, 20, 10, 66, 3),
(4, 1, 20, 19, 13, 14),
(4, 2, 2, 4, 96, 19),
(4, 2, 3, 7, 50, 21),
(4, 2, 3, 12, 25, 6),
(4, 2, 4, 6, 70, 36),
(4, 2, 6, 2, 140, 10),
(4, 2, 6, 4, 121, 37),
(4, 2, 6, 6, 135, 66),
(4, 2, 7, 4, 151, 3),
(4, 2, 8, 4, 94, 8),
(4, 2, 8, 5, 124, 46),
(4, 2, 9, 6, 146, 3),
(4, 2, 9, 13, 111, 24),
(4, 2, 10, 14, 124, 10),
(4, 2, 13, 9, 121, 62),
(4, 2, 13, 15, 136, 30),
(4, 2, 14, 12, 111, 71),
(4, 2, 15, 12, 3, 54),
(4, 2, 16, 5, 39, 53),
(4, 2, 16, 5, 67, 41),
(4, 2, 17, 9, 51, 72),
(4, 2, 17, 15, 12, 67),
(4, 2, 18, 9, 157, 1),
(4, 2, 20, 5, 141, 5),
(4, 3, 1, 4, 43, 50),
(4, 3, 1, 19, 20, 5),
(4, 3, 2, 7, 117, 73),
(4, 3, 3, 9, 85, 72),
(4, 3, 5, 15, 132, 35),
(4, 3, 6, 3, 141, 45),
(4, 3, 6, 20, 41, 22),
(4, 3, 7, 1, 30, 47),
(4, 3, 7, 7, 60, 41),
(4, 3, 7, 7, 122, 54),
(4, 3, 8, 1, 63, 48),
(4, 3, 9, 1, 130, 43),
(4, 3, 11, 11, 80, 75),
(4, 3, 12, 12, 42, 12),
(4, 3, 12, 18, 84, 61),
(4, 3, 12, 20, 61, 26),
(4, 3, 14, 11, 11, 47),
(4, 3, 14, 15, 129, 30),
(4, 3, 15, 14, 102, 54),
(4, 3, 16, 15, 13, 32),
(4, 3, 16, 17, 118, 6),
(4, 3, 18, 15, 48, 49),
(4, 3, 19, 4, 71, 61),
(4, 3, 19, 7, 13, 39),
(4, 3, 19, 15, 139, 33),
(4, 4, 1, 19, 8, 74),
(4, 4, 1, 19, 34, 14),
(4, 4, 2, 11, 64, 54),
(4, 4, 2, 17, 89, 7),
(4, 4, 3, 5, 117, 51),
(4, 4, 3, 9, 22, 45),
(4, 4, 4, 6, 97, 17),
(4, 4, 5, 7, 12, 58),
(4, 4, 5, 13, 110, 52),
(4, 4, 6, 6, 1, 72),
(4, 4, 7, 10, 96, 4),
(4, 4, 8, 18, 95, 33),
(4, 4, 9, 2, 24, 40),
(4, 4, 9, 3, 133, 55),
(4, 4, 9, 7, 76, 62),
(4, 4, 11, 3, 150, 60),
(4, 4, 11, 6, 157, 53),
(4, 4, 13, 7, 97, 8),
(4, 4, 13, 19, 52, 46),
(4, 4, 13, 20, 68, 64),
(4, 4, 14, 3, 145, 67),
(4, 4, 16, 18, 80, 74),
(4, 4, 18, 3, 7, 53),
(4, 4, 18, 10, 15, 43),
(4, 4, 19, 20, 21, 27),
(4, 5, 1, 1, 44, 22),
(4, 5, 1, 11, 96, 9),
(4, 5, 1, 12, 69, 19),
(4, 5, 3, 2, 127, 70),
(4, 5, 3, 19, 61, 10),
(4, 5, 5, 3, 34, 4),
(4, 5, 5, 6, 138, 63),
(4, 5, 6, 5, 150, 19),
(4, 5, 6, 13, 47, 19),
(4, 5, 6, 13, 131, 54),
(4, 5, 6, 17, 82, 67),
(4, 5, 6, 18, 80, 65),
(4, 5, 7, 14, 98, 67),
(4, 5, 8, 9, 109, 37),
(4, 5, 9, 9, 14, 59),
(4, 5, 10, 14, 151, 24),
(4, 5, 11, 4, 128, 41),
(4, 5, 11, 13, 112, 21),
(4, 5, 13, 5, 50, 68),
(4, 5, 14, 5, 29, 44),
(4, 5, 14, 13, 127, 30),
(4, 5, 14, 16, 93, 38),
(4, 5, 16, 9, 71, 10),
(4, 5, 16, 10, 76, 7),
(4, 5, 17, 8, 14, 7),
(4, 5, 17, 8, 88, 33),
(4, 5, 18, 4, 117, 71),
(4, 5, 18, 12, 156, 2),
(4, 5, 19, 9, 44, 25),
(4, 5, 19, 16, 138, 12),
(4, 6, 2, 10, 83, 68),
(4, 6, 3, 17, 62, 12),
(4, 6, 4, 2, 70, 54),
(4, 6, 4, 4, 47, 45),
(4, 6, 4, 8, 151, 56),
(4, 6, 7, 11, 101, 27),
(4, 6, 8, 9, 7, 43),
(4, 6, 8, 14, 147, 7),
(4, 6, 8, 17, 47, 14),
(4, 6, 9, 5, 100, 65),
(4, 6, 10, 7, 121, 26),
(4, 6, 11, 17, 80, 11),
(4, 6, 12, 7, 138, 13),
(4, 6, 12, 16, 54, 59),
(4, 6, 13, 1, 34, 9),
(4, 6, 14, 5, 136, 3),
(4, 6, 15, 3, 103, 63),
(4, 6, 16, 9, 97, 47),
(4, 6, 17, 7, 21, 69),
(4, 6, 17, 18, 157, 75),
(4, 6, 18, 19, 63, 47),
(4, 6, 19, 2, 25, 58),
(4, 6, 19, 5, 118, 63),
(4, 6, 19, 10, 137, 25),
(4, 6, 20, 5, 154, 42),
(4, 6, 20, 9, 104, 41),
(4, 7, 1, 2, 7, 6),
(4, 7, 1, 6, 37, 35),
(4, 7, 1, 6, 115, 14),
(4, 7, 1, 7, 62, 23),
(4, 7, 1, 17, 124, 21),
(4, 7, 2, 2, 126, 35),
(4, 7, 2, 16, 72, 5),
(4, 7, 3, 17, 9, 65),
(4, 7, 4, 3, 8, 3),
(4, 7, 7, 9, 34, 42),
(4, 7, 7, 16, 70, 55),
(4, 7, 7, 18, 117, 6),
(4, 7, 7, 19, 16, 12),
(4, 7, 8, 19, 25, 38),
(4, 7, 9, 7, 22, 10),
(4, 7, 10, 7, 60, 36),
(4, 7, 10, 7, 98, 45),
(4, 7, 10, 12, 148, 3),
(4, 7, 10, 19, 87, 9),
(4, 7, 10, 19, 95, 56),
(4, 7, 11, 16, 101, 9),
(4, 7, 12, 5, 11, 41),
(4, 7, 12, 5, 120, 38),
(4, 7, 12, 6, 22, 16),
(4, 7, 12, 11, 5, 14),
(4, 7, 12, 19, 36, 1),
(4, 7, 14, 20, 132, 25),
(4, 7, 16, 8, 105, 27),
(4, 7, 16, 16, 115, 64),
(4, 7, 17, 3, 11, 7),
(4, 7, 17, 7, 46, 28),
(4, 7, 17, 15, 68, 66),
(4, 7, 18, 2, 140, 19),
(4, 7, 20, 1, 139, 31),
(4, 7, 20, 2, 126, 48),
(4, 7, 20, 7, 55, 15),
(4, 8, 3, 8, 58, 4),
(4, 8, 3, 11, 128, 14),
(4, 8, 4, 9, 10, 24),
(4, 8, 7, 6, 130, 35),
(4, 8, 7, 7, 23, 9),
(4, 8, 7, 10, 59, 51),
(4, 8, 7, 20, 73, 38),
(4, 8, 9, 7, 144, 26),
(4, 8, 11, 9, 97, 55),
(4, 8, 11, 15, 109, 1),
(4, 8, 13, 15, 146, 3),
(4, 8, 15, 17, 90, 51),
(4, 8, 17, 20, 26, 62),
(4, 8, 18, 7, 89, 65),
(4, 8, 19, 3, 26, 43),
(4, 9, 1, 10, 149, 17),
(4, 9, 1, 20, 130, 33),
(4, 9, 3, 20, 75, 31),
(4, 9, 4, 5, 133, 57),
(4, 9, 4, 15, 29, 36),
(4, 9, 5, 20, 138, 44),
(4, 9, 5, 20, 140, 15),
(4, 9, 6, 10, 13, 75),
(4, 9, 6, 19, 20, 56),
(4, 9, 10, 2, 140, 21),
(4, 9, 10, 4, 13, 60),
(4, 9, 10, 12, 25, 65),
(4, 9, 12, 4, 152, 30),
(4, 9, 13, 2, 53, 37),
(4, 9, 14, 5, 14, 56),
(4, 9, 15, 5, 34, 52),
(4, 9, 16, 1, 4, 52),
(4, 9, 16, 2, 18, 35),
(5, 1, 1, 4, 54, 67),
(5, 1, 3, 12, 70, 33),
(5, 1, 4, 18, 126, 4),
(5, 1, 6, 16, 60, 16),
(5, 1, 7, 14, 145, 1),
(5, 1, 8, 1, 29, 72),
(5, 1, 9, 16, 73, 53),
(5, 1, 11, 2, 64, 43),
(5, 1, 11, 8, 98, 24),
(5, 1, 13, 3, 150, 43),
(5, 1, 15, 15, 124, 74),
(5, 1, 15, 18, 12, 30),
(5, 1, 17, 20, 99, 63),
(5, 1, 18, 15, 13, 34),
(5, 1, 19, 8, 78, 17),
(5, 1, 19, 13, 53, 65),
(5, 1, 19, 20, 58, 39),
(5, 1, 20, 6, 82, 54),
(5, 1, 20, 10, 53, 44),
(5, 2, 2, 13, 36, 36),
(5, 2, 2, 18, 123, 24),
(5, 2, 3, 9, 128, 63),
(5, 2, 5, 11, 142, 59),
(5, 2, 7, 17, 61, 22),
(5, 2, 8, 4, 6, 59),
(5, 2, 8, 4, 78, 56),
(5, 2, 9, 6, 155, 75),
(5, 2, 10, 1, 79, 38),
(5, 2, 10, 9, 16, 11),
(5, 2, 11, 3, 107, 9),
(5, 2, 11, 15, 128, 2),
(5, 2, 13, 1, 47, 54),
(5, 2, 15, 8, 128, 9),
(5, 2, 15, 20, 11, 4),
(5, 2, 16, 19, 19, 56),
(5, 2, 18, 20, 158, 33),
(5, 2, 19, 5, 86, 20),
(5, 3, 1, 2, 138, 29),
(5, 3, 1, 14, 116, 1),
(5, 3, 2, 18, 150, 7),
(5, 3, 3, 3, 121, 5),
(5, 3, 3, 4, 93, 69),
(5, 3, 3, 17, 56, 37),
(5, 3, 4, 3, 28, 69),
(5, 3, 4, 8, 90, 25),
(5, 3, 4, 18, 34, 65),
(5, 3, 6, 2, 80, 15),
(5, 3, 7, 16, 12, 14),
(5, 3, 8, 3, 1, 17),
(5, 3, 8, 14, 91, 25),
(5, 3, 10, 19, 56, 38),
(5, 3, 14, 4, 141, 17),
(5, 3, 14, 9, 52, 31),
(5, 3, 15, 12, 158, 27),
(5, 3, 16, 8, 92, 71),
(5, 3, 17, 13, 10, 70),
(5, 3, 18, 5, 20, 24),
(5, 4, 1, 6, 83, 41),
(5, 4, 2, 12, 117, 49),
(5, 4, 3, 14, 25, 64),
(5, 4, 5, 17, 158, 64),
(5, 4, 5, 18, 98, 20),
(5, 4, 7, 14, 9, 12),
(5, 4, 7, 15, 33, 33),
(5, 4, 8, 3, 89, 9),
(5, 4, 9, 2, 153, 17),
(5, 4, 10, 1, 28, 63),
(5, 4, 11, 7, 33, 14),
(5, 4, 13, 6, 82, 1),
(5, 4, 13, 7, 14, 36),
(5, 4, 14, 14, 87, 36),
(5, 4, 15, 14, 49, 42),
(5, 4, 16, 5, 93, 14),
(5, 4, 17, 14, 148, 44),
(5, 4, 20, 3, 11, 42),
(5, 4, 20, 17, 52, 73),
(5, 4, 20, 18, 113, 49),
(5, 5, 1, 19, 97, 7),
(5, 5, 2, 8, 59, 13),
(5, 5, 3, 6, 79, 12),
(5, 5, 3, 19, 5, 58),
(5, 5, 4, 20, 7, 7),
(5, 5, 8, 20, 88, 14),
(5, 5, 9, 7, 97, 46),
(5, 5, 10, 8, 14, 36),
(5, 5, 10, 20, 109, 47),
(5, 5, 11, 10, 106, 42),
(5, 5, 13, 9, 116, 28),
(5, 5, 13, 18, 78, 68),
(5, 5, 14, 15, 1, 43),
(5, 5, 16, 8, 72, 59),
(5, 5, 17, 14, 109, 38),
(5, 5, 19, 5, 30, 74),
(5, 5, 19, 6, 63, 5),
(5, 5, 20, 5, 66, 21),
(5, 6, 1, 12, 27, 7),
(5, 6, 2, 3, 1, 60),
(5, 6, 2, 7, 126, 58),
(5, 6, 3, 13, 33, 31),
(5, 6, 3, 14, 43, 52),
(5, 6, 5, 18, 155, 21),
(5, 6, 5, 19, 90, 6),
(5, 6, 8, 7, 158, 16),
(5, 6, 8, 12, 106, 23),
(5, 6, 9, 11, 69, 33),
(5, 6, 11, 2, 157, 36),
(5, 6, 12, 5, 32, 35),
(5, 6, 12, 16, 86, 63),
(5, 6, 14, 13, 83, 58),
(5, 6, 15, 2, 128, 66),
(5, 6, 15, 16, 127, 62),
(5, 6, 18, 15, 153, 34),
(5, 6, 20, 13, 106, 60),
(5, 7, 2, 16, 135, 70),
(5, 7, 4, 11, 47, 11),
(5, 7, 4, 19, 57, 39),
(5, 7, 5, 13, 36, 68),
(5, 7, 5, 16, 91, 1),
(5, 7, 8, 14, 133, 47),
(5, 7, 13, 3, 85, 5),
(5, 7, 15, 13, 84, 36),
(5, 7, 15, 19, 59, 49),
(5, 7, 16, 8, 133, 40),
(5, 7, 16, 16, 35, 28),
(5, 7, 16, 18, 141, 8),
(5, 7, 18, 3, 123, 66),
(5, 7, 19, 10, 39, 34),
(5, 8, 1, 14, 107, 56),
(5, 8, 4, 7, 72, 34),
(5, 8, 5, 14, 67, 55),
(5, 8, 6, 8, 128, 26),
(5, 8, 12, 10, 34, 5),
(5, 8, 12, 14, 51, 53),
(5, 8, 12, 16, 122, 52),
(5, 8, 13, 7, 26, 57),
(5, 8, 13, 8, 50, 25),
(5, 8, 14, 4, 1, 21),
(5, 8, 14, 8, 70, 15),
(5, 8, 14, 18, 111, 64),
(5, 8, 15, 16, 40, 9),
(5, 8, 16, 4, 11, 2),
(5, 8, 19, 8, 44, 63),
(5, 9, 1, 7, 70, 22),
(5, 9, 1, 11, 86, 22),
(5, 9, 1, 17, 54, 12),
(5, 9, 2, 4, 111, 21),
(5, 9, 2, 6, 153, 41),
(5, 9, 2, 8, 107, 26),
(5, 9, 3, 4, 59, 11),
(5, 9, 3, 16, 25, 26),
(5, 9, 3, 18, 132, 15),
(5, 9, 5, 2, 81, 37),
(5, 9, 6, 7, 134, 6),
(5, 9, 6, 13, 111, 24),
(5, 9, 6, 13, 137, 36),
(5, 9, 7, 6, 88, 1),
(5, 9, 7, 18, 102, 68),
(5, 9, 8, 12, 127, 10),
(5, 9, 8, 16, 85, 74),
(5, 9, 8, 19, 41, 4),
(5, 9, 9, 1, 151, 36),
(5, 9, 9, 16, 72, 57),
(5, 9, 9, 18, 142, 35),
(5, 9, 10, 4, 84, 52),
(5, 9, 11, 18, 66, 41),
(5, 9, 13, 11, 123, 57),
(5, 9, 14, 11, 16, 31),
(5, 9, 17, 14, 131, 50),
(5, 9, 18, 13, 134, 19),
(5, 9, 19, 9, 5, 14),
(5, 9, 19, 14, 133, 37);

-- --------------------------------------------------------

--
-- A nézet helyettes szerkezete `tanorak`
-- (Lásd alább az aktuális nézetet)
--
CREATE TABLE `tanorak` (
`hetnapja` bigint(20) unsigned
,`oraszam` bigint(20) unsigned
,`tantargyId` bigint(20) unsigned
,`teremId` bigint(20) unsigned
,`osztalyId` bigint(20) unsigned
,`tanarId` bigint(20) unsigned
,`tanarnev` varchar(255)
,`tanarkod` varchar(255)
,`email` varchar(255)
,`evfolyam` bigint(20) unsigned
,`megnevezes` varchar(255)
,`csoport` enum('TRUE','FALSE')
,`osztalyfonokId` bigint(20) unsigned
,`teremkod` varchar(255)
,`projektor` enum('TRUE','FALSE')
,`infotrerem` enum('TRUE','FALSE')
,`ferohely` int(3) unsigned
,`orakezdes` time
,`oravege` time
,`tantargyneve` varchar(255)
,`tantargykod` varchar(255)
);

-- --------------------------------------------------------

--
-- Tábla szerkezet ehhez a táblához `tantargy`
--

CREATE TABLE `tantargy` (
  `tantargyId` bigint(20) UNSIGNED NOT NULL,
  `tantargyneve` varchar(255) NOT NULL,
  `tantargykod` varchar(255) NOT NULL
) ENGINE=InnoDB DEFAULT CHARSET=utf8mb4 COLLATE=utf8mb4_general_ci;

--
-- A tábla adatainak kiíratása `tantargy`
--

INSERT INTO `tantargy` (`tantargyId`, `tantargyneve`, `tantargykod`) VALUES
(1, 'asztali alkalmazások fejlesztése', 'aaf'),
(2, 'asztali alkalmazások fejlesztése és tesztelése', 'aafét'),
(3, 'adatbázis-kezelés I', 'adatI'),
(4, 'adatbázis-kezelés II', 'adatII'),
(5, 'ágazati szabályozások', 'ágsz'),
(6, 'állampolgári ismeretek', 'állam'),
(7, 'általános szállítmányozás', 'álszáll'),
(8, 'angol nyelv', 'angol'),
(9, 'backend programozás és tesztelés', 'back'),
(10, 'beszerzési logisztika', 'blog'),
(11, 'digitális alkalmazások', 'digalk'),
(12, 'digitalizáció', 'digi'),
(13, 'digitális kultúra', 'digkul'),
(14, 'érettségire felkészítő tantárgy', 'éftan'),
(15, 'elosztási logisztika', 'elog'),
(16, 'földrajz', 'föld'),
(17, 'frontend programozás és tesztelés', 'front'),
(18, 'gazdasági ismeretek', 'gazdi'),
(19, 'IKT projektmunka II', 'IKTII'),
(20, 'jogi ismeretek', 'jog'),
(21, 'kereskedelem alapjai', 'kalap'),
(22, 'kereskedelmi ismeretek', 'keri'),
(23, 'külkereskedelmi és vámismeretek', 'kév'),
(24, 'kereskedelmi gazdaságtan', 'kg'),
(25, 'készletezési logisztika', 'klog'),
(26, 'kommunikáció', 'kom'),
(27, 'kommunikáció – magyar nyelv és irodalom', 'koma'),
(28, 'kompetenciafejlesztés', 'komp'),
(29, 'közlekedési alapok', 'közal'),
(30, 'komplex természettudomány', 'kterm'),
(31, 'közlekedés technikája, üzemvitele', 'ktü'),
(32, 'logisztikai alapok', 'lalap'),
(33, 'marketing alapjai', 'mark'),
(34, 'matematika', 'mat'),
(35, 'munkavállalói idegen nyelv', 'minye'),
(36, 'munkavállalói ismeretek', 'mism'),
(37, 'marketingkommunikáció', 'mkom'),
(38, 'magyar nyelv és irodalom', 'mnéi'),
(39, 'német nyelv', 'német'),
(40, 'osztályfőnöki', 'ofő'),
(41, 'osztályközösség-építő program', 'ofőp'),
(42, 'pénzügyi és munkavállalói ismeretek', 'pémi'),
(43, 'pénztárgépkezelés', 'pénz'),
(44, 'pénzügyi és vállalkozói ismeretek', 'pévi'),
(45, 'raktározási alapok', 'rakal'),
(46, 'a raktárirányítás rendszere', 'raki'),
(47, 'raktári mutatószámok', 'rakm'),
(48, 'raktári tárolás és anyagmozgatás', 'rakttá'),
(49, 'raktári vezetés', 'rakvez'),
(50, 'szakmai angol', 'szakan'),
(51, 'szállítmányozói feladatok', 'szálfa'),
(52, 'szoftvertesztelés', 'szoft'),
(53, 'termékismeret és forgalmazás', 'téf'),
(54, 'termékismeret', 'teri'),
(55, 'természetismeret', 'termi'),
(56, 'testnevelés', 'tesi'),
(57, 'történelem és társadalomismeret', 'tét'),
(58, 'termelési logisztika', 'tlog'),
(59, 'történelem', 'töri'),
(60, 'üzleti kommunikáció', 'üköm'),
(61, 'üzlet működtetése', 'üm'),
(62, 'vállalkozási ismeretek', 'válism'),
(63, 'vállalkozások működtetése', 'válműk'),
(64, 'vizsgafelkészítő _ informatika _ 13c', 'vki13c'),
(65, 'vizsgafelkészítő _ kereskedelem _ 13aah', 'vkk13aah'),
(66, 'vizsgafelkészítő _ kereskedelem _ 13bh', 'vkk13bh'),
(67, 'vizsgafelkészítő _ kereskedelmi gazdaságtan', 'vkkg'),
(68, 'vizsgafelkészítő _ logisztika _ 13b', 'vkl13b'),
(69, 'vizsgafelkészítő _ matematika', 'vkmat'),
(70, 'vizsgafelkészítő _ magyar nyelv és irodalom', 'vkmnéi'),
(71, 'vizsgafelkészítő _ portfólió', 'vkport'),
(72, 'vizsgafelkészítő _ történelem', 'vktöri'),
(73, 'webáruház működtetése', 'web'),
(74, 'webprogramozás', 'webpr'),
(75, 'minőség a logisztikában', 'mal');

-- --------------------------------------------------------

--
-- Tábla szerkezet ehhez a táblához `tanulo`
--

CREATE TABLE `tanulo` (
  `tanuloId` bigint(20) UNSIGNED NOT NULL,
  `nev` varchar(255) NOT NULL,
  `email` varchar(255) NOT NULL,
  `megjegyzes` varchar(255) DEFAULT NULL
) ENGINE=InnoDB DEFAULT CHARSET=utf8mb4 COLLATE=utf8mb4_general_ci;

--
-- A tábla adatainak kiíratása `tanulo`
--

INSERT INTO `tanulo` (`tanuloId`, `nev`, `email`, `megjegyzes`) VALUES
(1, 'Kiss Péter', 'kiss.peter@example.com', NULL),
(2, 'Nagy Anna', 'nagy.anna@example.com', NULL),
(3, 'Tóth Gábor', 'toth.gabor@example.com', NULL),
(4, 'Szabó Zsuzsa', 'szabo.zsuzsa@example.com', NULL),
(5, 'Horváth László', 'horvath.laszlo@example.com', NULL),
(6, 'Varga Éva', 'varga.eva@example.com', NULL),
(7, 'Farkas János', 'farkas.janos@example.com', NULL),
(8, 'Molnár Júlia', 'molnar.julia@example.com', NULL),
(9, 'Balogh Ákos', 'balogh.akos@example.com', NULL),
(10, 'Németh Erika', 'nemeth.erika@example.com', NULL),
(11, 'Takács Tamás', 'takacs.tamas@example.com', NULL),
(12, 'Simon Márta', 'simon.marta@example.com', NULL),
(13, 'Lukács Adrienn', 'lukacs.adrienn@example.com', NULL),
(14, 'Szalai Ádám', 'szalai.adam@example.com', NULL),
(15, 'Kelemen Judit', 'kelemen.judit@example.com', NULL),
(16, 'Csáki Béla', 'csaki.bela@example.com', NULL),
(17, 'Székely István', 'szekely.istvan@example.com', NULL),
(18, 'Hegedűs Katalin', 'hegedus.katalin@example.com', NULL),
(19, 'Kovács Lili', 'kovacs.lili@example.com', NULL),
(20, 'Fekete Eszter', 'fekete.eszter@example.com', NULL),
(21, 'Török Gergő', 'torok.gergo@example.com', NULL),
(22, 'Papp Virág', 'papp.virag@example.com', NULL),
(23, 'Oláh Dávid', 'olah.david@example.com', NULL),
(24, 'Kiss Noémi', 'kiss.noemi@example.com', NULL),
(25, 'Nagy Patrik', 'nagy.patrik@example.com', NULL),
(26, 'Tóth Dorina', 'toth.dorina@example.com', NULL),
(27, 'Szabó Levente', 'szabo.levente@example.com', NULL),
(28, 'Horváth Rebeka', 'horvath.rebeka@example.com', NULL),
(29, 'Varga Viktor', 'varga.viktor@example.com', NULL),
(30, 'Farkas Tamara', 'farkas.tamara@example.com', NULL),
(31, 'Molnár László', 'molnar.laszlo@example.com', NULL),
(32, 'Balogh Emma', 'balogh.emma@example.com', NULL),
(33, 'Németh Bence', 'nemeth.bence@example.com', NULL),
(34, 'Takács Nóra', 'takacs.nora@example.com', NULL),
(35, 'Simon Gábor', 'simon.gabor@example.com', NULL),
(36, 'Lukács Ágnes', 'lukacs.agnes@example.com', NULL),
(37, 'Szalai Zoltán', 'szalai.zoltan@example.com', NULL),
(38, 'Kelemen Máté', 'kelemen.mate@example.com', NULL),
(39, 'Csáki Janka', 'csaki.janka@example.com', NULL),
(40, 'Székely András', 'szekely.andras@example.com', NULL),
(41, 'Hegedűs Lilla', 'hegedus.lilla@example.com', NULL),
(42, 'Kovács Norbert', 'kovacs.norbert@example.com', NULL),
(43, 'Fekete Orsolya', 'fekete.orsolya@example.com', NULL),
(44, 'Török Áron', 'torok.aron@example.com', NULL),
(45, 'Papp Laura', 'papp.laura@example.com', NULL),
(46, 'Oláh Krisztián', 'olah.krisztian@example.com', NULL),
(47, 'Kiss Tímea', 'kiss.timea@example.com', NULL),
(48, 'Nagy Csilla', 'nagy.csilla@example.com', NULL),
(49, 'Tóth Zsolt', 'toth.zsolt@example.com', NULL),
(50, 'Szabó Evelin', 'szabo.evelin@example.com', NULL),
(51, 'Horváth Márk', 'horvath.mark@example.com', NULL),
(52, 'Varga Tünde', 'varga.tunde@example.com', NULL),
(53, 'Farkas Ábel', 'farkas.abel@example.com', NULL),
(54, 'Molnár Viktória', 'molnar.viktoria@example.com', NULL),
(55, 'Balogh Kriszta', 'balogh.kriszta@example.com', NULL),
(56, 'Németh Balázs', 'nemeth.balazs@example.com', NULL),
(57, 'Takács Dorottya', 'takacs.dorottya@example.com', NULL),
(58, 'Simon Liliána', 'simon.liliana@example.com', NULL),
(59, 'Lukács Eszter', 'lukacs.eszter@example.com', NULL),
(60, 'Szalai Kristóf', 'szalai.kristof@example.com', NULL);

-- --------------------------------------------------------

--
-- Tábla szerkezet ehhez a táblához `terem`
--

CREATE TABLE `terem` (
  `teremId` bigint(20) UNSIGNED NOT NULL,
  `teremkod` varchar(255) NOT NULL,
  `projektor` enum('TRUE','FALSE') NOT NULL DEFAULT 'TRUE',
  `infotrerem` enum('TRUE','FALSE') NOT NULL DEFAULT 'FALSE',
  `ferohely` int(3) UNSIGNED DEFAULT NULL
) ENGINE=InnoDB DEFAULT CHARSET=utf8mb4 COLLATE=utf8mb4_general_ci;

--
-- A tábla adatainak kiíratása `terem`
--

INSERT INTO `terem` (`teremId`, `teremkod`, `projektor`, `infotrerem`, `ferohely`) VALUES
(1, '101', 'TRUE', 'FALSE', 30),
(2, '102', 'TRUE', 'TRUE', 25),
(3, '103', 'FALSE', 'FALSE', 20),
(4, '104', 'TRUE', 'TRUE', 40),
(5, '105', 'TRUE', 'FALSE', 35),
(6, '201', 'TRUE', 'TRUE', 50),
(7, '202', 'FALSE', 'FALSE', 30),
(8, '203', 'TRUE', 'FALSE', 20),
(9, '204', 'TRUE', 'TRUE', 45),
(10, '205', 'FALSE', 'TRUE', 30),
(11, '301', 'TRUE', 'TRUE', 60),
(12, '302', 'FALSE', 'FALSE', 20),
(13, '303', 'TRUE', 'FALSE', 25),
(14, '304', 'TRUE', 'TRUE', 35),
(15, '305', 'FALSE', 'FALSE', 40),
(16, '401', 'TRUE', 'TRUE', 50),
(17, '402', 'FALSE', 'TRUE', 30),
(18, '403', 'TRUE', 'FALSE', 25),
(19, '404', 'TRUE', 'TRUE', 60),
(20, '405', 'FALSE', 'FALSE', 20);

-- --------------------------------------------------------

--
-- Nézet szerkezete `tanorak`
--
DROP TABLE IF EXISTS `tanorak`;

CREATE ALGORITHM=UNDEFINED DEFINER=`root`@`localhost` SQL SECURITY DEFINER VIEW `tanorak`  AS SELECT `t`.`hetnapja` AS `hetnapja`, `t`.`oraszam` AS `oraszam`, `t`.`tantargyId` AS `tantargyId`, `t`.`teremId` AS `teremId`, `t`.`osztalyId` AS `osztalyId`, `t`.`tanarId` AS `tanarId`, `ta`.`tanarnev` AS `tanarnev`, `ta`.`tanarkod` AS `tanarkod`, `ta`.`email` AS `email`, `o`.`evfolyam` AS `evfolyam`, `o`.`megnevezes` AS `megnevezes`, `o`.`csoport` AS `csoport`, `o`.`osztalyfonokId` AS `osztalyfonokId`, `r`.`teremkod` AS `teremkod`, `r`.`projektor` AS `projektor`, `r`.`infotrerem` AS `infotrerem`, `r`.`ferohely` AS `ferohely`, `orak`.`orakezdes` AS `orakezdes`, `orak`.`oravege` AS `oravege`, `tg`.`tantargyneve` AS `tantargyneve`, `tg`.`tantargykod` AS `tantargykod` FROM (((((`tanora` `t` join `tanar` `ta` on(`t`.`tanarId` = `ta`.`tanarId`)) join `osztalyok` `o` on(`t`.`osztalyId` = `o`.`osztalyId`)) join `terem` `r` on(`t`.`teremId` = `r`.`teremId`)) join `orak` on(`t`.`oraszam` = `orak`.`oraszam`)) join `tantargy` `tg` on(`t`.`tantargyId` = `tg`.`tantargyId`)) WHERE `t`.`hetnapja` between 1 and 5 ORDER BY `t`.`hetnapja` ASC, `t`.`oraszam` ASC ;

--
-- Indexek a kiírt táblákhoz
--

--
-- A tábla indexei `esemeny`
--
ALTER TABLE `esemeny`
  ADD KEY `fk_esem_tanar` (`erintettTanarId`),
  ADD KEY `fk_esem_terem` (`erintettTeremId`);

--
-- A tábla indexei `orak`
--
ALTER TABLE `orak`
  ADD PRIMARY KEY (`oraszam`);

--
-- A tábla indexei `osztaly`
--
ALTER TABLE `osztaly`
  ADD KEY `tanuloId` (`tanuloId`),
  ADD KEY `fk_osztaly_osztalyok` (`osztalyId`);

--
-- A tábla indexei `osztalyok`
--
ALTER TABLE `osztalyok`
  ADD PRIMARY KEY (`osztalyId`),
  ADD KEY `osztalyfonokId` (`osztalyfonokId`);

--
-- A tábla indexei `tanar`
--
ALTER TABLE `tanar`
  ADD PRIMARY KEY (`tanarId`);

--
-- A tábla indexei `tanora`
--
ALTER TABLE `tanora`
  ADD UNIQUE KEY `hetnapja_2` (`hetnapja`,`oraszam`,`tanarId`,`teremId`,`osztalyId`,`tantargyId`),
  ADD KEY `fk_tanora_tanar` (`tanarId`),
  ADD KEY `fk_tanora_terem` (`teremId`),
  ADD KEY `fk_tanora_osztaly` (`osztalyId`),
  ADD KEY `fk_tanora_tantargy` (`tantargyId`),
  ADD KEY `fk_tanora_ora` (`oraszam`),
  ADD KEY `hetnapja` (`hetnapja`);

--
-- A tábla indexei `tantargy`
--
ALTER TABLE `tantargy`
  ADD PRIMARY KEY (`tantargyId`);

--
-- A tábla indexei `tanulo`
--
ALTER TABLE `tanulo`
  ADD PRIMARY KEY (`tanuloId`);

--
-- A tábla indexei `terem`
--
ALTER TABLE `terem`
  ADD PRIMARY KEY (`teremId`);

--
-- A kiírt táblák AUTO_INCREMENT értéke
--

--
-- AUTO_INCREMENT a táblához `osztalyok`
--
ALTER TABLE `osztalyok`
  MODIFY `osztalyId` bigint(20) UNSIGNED NOT NULL AUTO_INCREMENT, AUTO_INCREMENT=159;

--
-- AUTO_INCREMENT a táblához `tanar`
--
ALTER TABLE `tanar`
  MODIFY `tanarId` bigint(20) UNSIGNED NOT NULL AUTO_INCREMENT, AUTO_INCREMENT=21;

--
-- AUTO_INCREMENT a táblához `tantargy`
--
ALTER TABLE `tantargy`
  MODIFY `tantargyId` bigint(20) UNSIGNED NOT NULL AUTO_INCREMENT, AUTO_INCREMENT=76;

--
-- AUTO_INCREMENT a táblához `tanulo`
--
ALTER TABLE `tanulo`
  MODIFY `tanuloId` bigint(20) UNSIGNED NOT NULL AUTO_INCREMENT, AUTO_INCREMENT=61;

--
-- AUTO_INCREMENT a táblához `terem`
--
ALTER TABLE `terem`
  MODIFY `teremId` bigint(20) UNSIGNED NOT NULL AUTO_INCREMENT, AUTO_INCREMENT=21;

--
-- Megkötések a kiírt táblákhoz
--

--
-- Megkötések a táblához `esemeny`
--
ALTER TABLE `esemeny`
  ADD CONSTRAINT `fk_esem_tanar` FOREIGN KEY (`erintettTanarId`) REFERENCES `tanar` (`tanarId`),
  ADD CONSTRAINT `fk_esem_terem` FOREIGN KEY (`erintettTeremId`) REFERENCES `terem` (`teremId`);

--
-- Megkötések a táblához `osztaly`
--
ALTER TABLE `osztaly`
  ADD CONSTRAINT `fk_osztaly_osztalyok` FOREIGN KEY (`osztalyId`) REFERENCES `osztalyok` (`osztalyId`),
  ADD CONSTRAINT `osztaly_ibfk_1` FOREIGN KEY (`tanuloId`) REFERENCES `tanulo` (`tanuloId`);

--
-- Megkötések a táblához `osztalyok`
--
ALTER TABLE `osztalyok`
  ADD CONSTRAINT `osztalyok_ibfk_1` FOREIGN KEY (`osztalyfonokId`) REFERENCES `tanar` (`tanarId`),
  ADD CONSTRAINT `osztalyok_ibfk_2` FOREIGN KEY (`osztalyfonokId`) REFERENCES `tanar` (`tanarId`),
  ADD CONSTRAINT `osztalyok_ibfk_3` FOREIGN KEY (`osztalyfonokId`) REFERENCES `tanar` (`tanarId`);

--
-- Megkötések a táblához `tanora`
--
ALTER TABLE `tanora`
  ADD CONSTRAINT `fk_tanora_ora` FOREIGN KEY (`oraszam`) REFERENCES `orak` (`oraszam`),
  ADD CONSTRAINT `fk_tanora_osztaly` FOREIGN KEY (`osztalyId`) REFERENCES `osztalyok` (`osztalyId`),
  ADD CONSTRAINT `fk_tanora_tanar` FOREIGN KEY (`tanarId`) REFERENCES `tanar` (`tanarId`),
  ADD CONSTRAINT `fk_tanora_tantargy` FOREIGN KEY (`tantargyId`) REFERENCES `tantargy` (`tantargyId`),
  ADD CONSTRAINT `fk_tanora_terem` FOREIGN KEY (`teremId`) REFERENCES `terem` (`teremId`);
SET FOREIGN_KEY_CHECKS=1;
COMMIT;

/*!40101 SET CHARACTER_SET_CLIENT=@OLD_CHARACTER_SET_CLIENT */;
/*!40101 SET CHARACTER_SET_RESULTS=@OLD_CHARACTER_SET_RESULTS */;
/*!40101 SET COLLATION_CONNECTION=@OLD_COLLATION_CONNECTION */;
